City_ID,City,Country,Date,Lat,Lng,Max Temp,Humidity,Cloudiness,Wind Speed
0,Puro,PH,2021-11-18 22:02:37,12.4841,123.3827,78.12,83,99,0.78
1,Kapaa,US,2021-11-18 21:59:20,22.0752,-159.319,82.18,70,18,1.01
2,Longyearbyen,SJ,2021-11-18 21:56:55,78.2186,15.6401,21.04,73,40,25.32
3,Te Anau,NZ,2021-11-18 22:02:37,-45.4167,167.7167,53.82,72,72,8.28
4,Hasaki,JP,2021-11-18 22:02:38,35.7333,140.8333,45.0,80,85,5.08
5,Luderitz,NA,2021-11-18 21:56:59,-26.6481,15.1594,60.51,65,0,23.6
6,Chuy,UY,2021-11-18 22:01:38,-33.6971,-53.4616,59.0,58,0,7.29
7,Along,IN,2021-11-18 22:02:38,28.1667,94.7667,54.36,72,4,1.59
8,Busselton,AU,2021-11-18 21:56:52,-33.65,115.3333,48.09,82,0,11.77
9,Goundam,ML,2021-11-18 22:02:38,16.4145,-3.6708,81.16,18,31,10.29
10,Marawi,PH,2021-11-18 22:02:38,7.9986,124.2928,66.65,91,63,2.68
11,Rikitea,PF,2021-11-18 21:58:00,-23.1203,-134.9692,73.35,66,5,15.46
12,Provideniya,RU,2021-11-18 22:00:24,64.3833,-173.3,14.11,62,75,17.9
13,Port Macquarie,AU,2021-11-18 22:00:49,-31.4333,152.9167,75.88,64,100,9.64
14,Ankang,CN,2021-11-18 22:02:39,32.68,109.0172,48.63,79,98,1.41
15,Erzin,TR,2021-11-18 22:02:39,36.9559,36.2,50.52,39,97,2.98
16,Terrace,CA,2021-11-18 22:02:39,54.5163,-128.6035,39.42,99,100,3.33
17,San Andres,CO,2021-11-18 22:02:39,12.5847,-81.7006,81.19,81,97,17.07
18,Balkhash,KZ,2021-11-18 22:02:40,46.844,74.9804,24.53,84,100,16.91
19,El Alto,PE,2021-11-18 22:02:40,-4.2714,-81.2147,66.13,78,92,17.2
20,Albany,US,2021-11-18 21:54:19,42.6001,-73.9662,60.89,81,100,5.01
21,Yellowknife,CA,2021-11-18 21:56:49,62.456,-114.3525,22.41,100,90,10.36
22,Bassila,BJ,2021-11-18 22:02:40,9.0081,1.6654,80.2,51,48,3.0
23,Punta Arenas,CL,2021-11-18 21:56:51,-53.15,-70.9167,50.11,62,75,25.32
24,Kuruman,ZA,2021-11-18 22:02:41,-27.4524,23.4325,57.99,26,0,9.15
25,Khandyga,RU,2021-11-18 22:02:41,62.6667,135.6,-7.96,97,100,1.9
26,Kulhudhuffushi,MV,2021-11-18 22:02:41,6.6221,73.07,82.44,72,99,18.19
27,Eureka,US,2021-11-18 21:53:10,40.8021,-124.1637,60.21,67,100,8.99
28,Cherskiy,RU,2021-11-18 21:58:09,68.75,161.3,2.77,85,15,7.02
29,Atambua,ID,2021-11-18 22:02:41,-9.1061,124.8925,76.32,82,79,2.48
30,Port Alfred,ZA,2021-11-18 21:59:20,-33.5906,26.891,58.06,73,8,11.77
31,Bage,BR,2021-11-18 22:02:42,-31.3314,-54.1069,63.81,72,7,7.99
32,Mataura,NZ,2021-11-18 21:58:01,-46.1927,168.8643,62.58,42,27,5.59
33,Rawson,AR,2021-11-18 22:02:42,-43.3002,-65.1023,55.67,67,74,12.33
34,Butaritari,KI,2021-11-18 21:56:51,3.0707,172.7902,81.37,80,81,16.62
35,Mahebourg,MU,2021-11-18 22:00:32,-20.4081,57.7,75.49,69,40,11.5
36,Sitka,US,2021-11-18 21:55:47,57.0531,-135.33,35.49,80,90,9.22
37,Gryazovets,RU,2021-11-18 22:02:42,58.88,40.2525,26.62,91,100,11.83
38,Lumeje,AO,2021-11-18 22:02:43,-11.55,20.7833,65.07,94,86,3.91
39,Broome,US,2021-11-18 22:02:43,42.2506,-75.833,49.98,80,90,1.01
40,Huarmey,PE,2021-11-18 22:02:43,-10.0681,-78.1522,68.31,77,84,8.46
41,Casa Grande,US,2021-11-18 22:02:43,32.8795,-111.7573,84.6,12,1,5.01
42,Esperance,AU,2021-11-18 22:02:44,-33.8667,121.9,58.03,81,100,14.41
43,Villazon,BO,2021-11-18 22:02:44,-22.0866,-65.5942,57.99,43,0,21.88
44,Norman Wells,CA,2021-11-18 22:00:24,65.282,-126.8329,1.44,71,75,10.36
45,Kokoda,PG,2021-11-18 22:02:44,-8.8785,147.7407,81.45,78,97,2.39
46,Krasnoselkup,RU,2021-11-18 22:02:45,65.7,82.4667,6.06,96,100,6.46
47,Vaini,TO,2021-11-18 21:59:21,-21.2,-175.2,80.76,78,20,8.05
48,Keti Bandar,PK,2021-11-18 22:03:45,24.1447,67.4497,72.28,22,0,10.38
49,Launceston,AU,2021-11-18 22:03:45,-41.45,147.1667,60.62,65,6,3.0
50,East London,ZA,2021-11-18 21:56:55,-33.0153,27.9116,58.53,69,2,8.43
51,Marondera,ZW,2021-11-18 22:03:46,-18.1853,31.5519,70.59,38,51,4.27
52,Bandrele,YT,2021-11-18 22:03:46,-12.9067,45.1914,78.55,78,0,4.61
53,Clyde River,CA,2021-11-18 22:03:46,70.4692,-68.5914,13.32,96,100,2.53
54,Nanortalik,GL,2021-11-18 22:03:46,60.1432,-45.2371,25.66,83,28,10.51
55,Port Elizabeth,ZA,2021-11-18 22:00:15,-33.918,25.5701,54.1,72,1,9.26
56,Lebu,CL,2021-11-18 21:59:18,-37.6167,-73.65,56.43,80,39,21.32
57,Mehamn,NO,2021-11-18 22:03:47,71.0357,27.8492,35.55,93,75,10.36
58,Chokurdakh,RU,2021-11-18 21:58:09,70.6333,147.9167,-17.91,100,54,2.89
59,Severo-Kurilsk,RU,2021-11-18 22:03:47,50.6789,156.125,31.21,71,86,5.61
60,Namibe,AO,2021-11-18 22:03:47,-15.1961,12.1522,72.57,74,98,2.73
61,Pacific Grove,US,2021-11-18 21:58:08,36.6177,-121.9166,66.56,83,100,4.0
62,Salair,RU,2021-11-18 22:03:47,54.2312,85.7972,-3.1,99,94,7.25
63,Atuona,PF,2021-11-18 21:58:03,-9.8,-139.0333,78.33,70,24,11.12
64,Moose Factory,CA,2021-11-18 22:03:48,51.2585,-80.6094,31.98,93,90,8.05
65,Joshimath,IN,2021-11-18 22:03:48,30.5667,79.5667,49.8,18,17,7.31
66,Cacapava Do Sul,BR,2021-11-18 22:03:48,-30.5122,-53.4914,61.2,71,66,3.96
67,Yulara,AU,2021-11-18 22:03:48,-25.2406,130.9889,81.09,12,0,3.96
68,Provost,CA,2021-11-18 22:03:49,52.3501,-110.2683,23.36,87,96,3.94
69,Filingue,NE,2021-11-18 22:03:49,14.3521,3.3168,86.16,14,17,8.39
70,Mao,ES,2021-11-18 22:03:49,39.8885,4.2658,54.16,94,40,9.22
71,Tsiroanomandidy,MG,2021-11-18 22:03:49,-18.7667,46.0333,73.6,57,3,3.44
72,Hay River,CA,2021-11-18 21:59:29,60.8156,-115.7999,21.18,86,90,11.5
73,Dubti,ET,2021-11-18 22:03:50,11.7361,41.0853,80.71,44,9,8.59
74,Jamestown,US,2021-11-18 21:58:02,42.097,-79.2353,43.09,61,100,15.99
75,Upernavik,GL,2021-11-18 21:58:05,72.7868,-56.1549,8.19,77,89,5.23
76,Ushuaia,AR,2021-11-18 21:56:50,-54.8,-68.3,47.86,61,75,5.75
77,Usolye,RU,2021-11-18 22:03:50,59.4268,56.6808,19.22,94,100,8.57
78,Alberton,CA,2021-11-18 22:03:50,46.8168,-64.0654,46.09,95,100,19.62
79,Hambantota,LK,2021-11-18 21:56:52,6.1241,81.1185,75.54,100,20,0.0
80,New Norfolk,AU,2021-11-18 22:00:28,-42.7826,147.0587,55.76,60,56,4.0
81,Padang,ID,2021-11-18 22:00:28,-0.9492,100.3543,77.14,86,93,3.13
82,Faanui,PF,2021-11-18 21:58:11,-16.4833,-151.75,80.53,65,7,20.04
83,Eyl,SO,2021-11-18 22:03:51,7.9803,49.8164,74.73,71,86,11.23
84,Pocatello,US,2021-11-18 22:03:51,42.8713,-112.4455,42.71,35,40,3.0
85,Tadine,NC,2021-11-18 22:03:51,-21.55,167.8833,80.46,71,58,10.69
86,Seoul,KR,2021-11-18 22:01:51,37.5683,126.9778,57.61,91,16,5.06
87,Kaeo,NZ,2021-11-18 22:03:52,-35.1,173.7833,69.33,60,17,4.47
88,Laguna,US,2021-11-18 22:03:52,38.421,-121.4238,66.04,80,20,1.01
89,Hualmay,PE,2021-11-18 21:58:11,-11.0964,-77.6139,67.35,78,70,8.93
90,Codrington,AU,2021-11-18 22:03:52,-38.2667,141.9667,54.41,66,100,7.96
91,Srednekolymsk,RU,2021-11-18 22:03:52,67.45,153.6833,-17.77,100,55,1.79
92,Leshukonskoye,RU,2021-11-18 22:03:53,64.8989,45.7622,30.22,94,100,8.05
93,San Patricio,US,2021-11-18 22:00:27,28.017,-97.5169,68.09,52,100,12.82
94,Talnakh,RU,2021-11-18 22:04:53,69.4865,88.3972,0.18,91,100,2.91
95,Qaanaaq,GL,2021-11-18 21:56:55,77.484,-69.3632,-6.74,64,23,7.49
96,Coquimbo,CL,2021-11-18 21:58:04,-29.9533,-71.3436,60.53,72,75,11.5
97,Bellmead,US,2021-11-18 22:04:53,31.594,-97.1089,65.23,22,1,12.66
98,Nikolskoye,RU,2021-11-18 21:56:56,59.7035,30.7861,38.88,83,95,12.03
99,Likasi,CD,2021-11-18 22:04:53,-10.9814,26.7333,62.01,93,34,4.12
100,Swakopmund,NA,2021-11-18 22:04:54,-22.6833,14.5333,59.99,87,1,3.0
101,Jibuti,DJ,2021-11-18 22:04:54,11.5,42.5,72.82,68,6,6.64
102,Castro,BR,2021-11-18 21:59:14,-24.7911,-50.0119,65.14,90,90,2.57
103,Bredasdorp,ZA,2021-11-18 21:56:53,-34.5322,20.0403,50.29,66,17,2.75
104,Paulo Afonso,BR,2021-11-18 22:04:12,-9.4061,-38.2147,84.79,44,70,15.7
105,Port Lincoln,AU,2021-11-18 22:00:56,-34.7333,135.8667,58.21,83,100,11.95
106,San Pedro,PH,2021-11-18 22:04:54,14.35,121.0167,80.15,87,54,2.01
107,Georgetown,MY,2021-11-18 21:56:54,5.4112,100.3354,76.95,94,20,1.99
108,Aripuana,BR,2021-11-18 22:04:55,-9.1667,-60.6333,75.78,92,84,3.38
109,Necochea,AR,2021-11-18 22:04:55,-38.5473,-58.7368,61.03,63,82,16.11
110,Kousseri,CM,2021-11-18 22:04:55,12.0769,15.0306,84.42,21,0,9.84
111,Haines Junction,CA,2021-11-18 22:04:55,60.7522,-137.5108,1.62,79,100,4.88
112,Melito Di Porto Salvo,IT,2021-11-18 22:04:56,37.9222,15.7714,62.53,75,8,7.83
113,Realeza,BR,2021-11-18 22:04:21,-25.7689,-53.5325,68.38,98,90,3.67
114,San Juan,AR,2021-11-18 22:04:56,-31.5375,-68.5364,86.47,12,0,15.08
115,Amuntai,ID,2021-11-18 22:04:56,-2.4177,115.2494,73.62,99,93,1.48
116,Tasiilaq,GL,2021-11-18 22:04:57,65.6145,-37.6368,23.16,62,100,3.8
117,Barrow,US,2021-11-18 21:56:58,71.2906,-156.7887,8.29,84,100,10.71
118,Taoudenni,ML,2021-11-18 22:00:32,22.6783,-3.9836,82.22,19,100,8.72
119,Erenhot,CN,2021-11-18 22:04:57,43.6475,111.9767,22.17,65,100,13.18
120,Morant Bay,JM,2021-11-18 22:04:57,17.8815,-76.4093,85.62,72,100,10.4
121,Grindavik,IS,2021-11-18 22:04:57,63.8424,-22.4338,37.87,100,90,6.91
122,Plouzane,FR,2021-11-18 22:04:58,48.3833,-4.6167,50.32,81,90,2.3
123,Kralendijk,BQ,2021-11-18 22:01:04,12.15,-68.2667,81.9,75,100,15.57
124,Hithadhoo,MV,2021-11-18 21:58:07,-0.6,73.0833,81.88,78,12,18.86
125,Saskylakh,RU,2021-11-18 22:04:58,71.9167,114.0833,-32.78,100,23,3.0
126,Teya,RU,2021-11-18 22:04:58,60.3778,92.6267,9.07,87,97,9.08
127,Mindelo,CV,2021-11-18 22:04:59,16.8901,-24.9804,76.55,65,75,9.22
128,Caucaia,BR,2021-11-18 22:02:31,-3.7361,-38.6531,82.35,76,20,11.5
129,Bilibino,RU,2021-11-18 22:04:59,68.0546,166.4372,-10.26,99,24,3.87
130,Muriae,BR,2021-11-18 22:03:12,-21.1306,-42.3664,75.34,82,71,2.64
131,Arraial Do Cabo,BR,2021-11-18 22:01:32,-22.9661,-42.0278,73.69,89,63,15.64
132,Coihueco,CL,2021-11-18 22:01:31,-36.6167,-71.8333,80.49,21,3,9.17
133,Cape Town,ZA,2021-11-18 21:56:58,-33.9258,18.4232,62.28,69,20,12.66
134,Itaituba,BR,2021-11-18 22:04:59,-4.2761,-55.9836,76.44,96,100,1.57
135,Kuching,MY,2021-11-18 22:00:33,1.55,110.3333,73.62,100,40,2.3
136,College,US,2021-11-18 21:58:04,64.8569,-147.8028,6.46,77,90,3.44
137,Stende,LV,2021-11-18 22:06:00,57.15,22.5333,39.94,90,99,5.95
138,Hobart,AU,2021-11-18 21:55:23,-42.8794,147.3294,58.12,66,20,3.0
139,Puerto Ayora,EC,2021-11-18 21:56:53,-0.7393,-90.3518,76.96,73,80,11.68
140,Lorengau,PG,2021-11-18 22:06:00,-2.0226,147.2712,83.61,71,79,7.78
141,Kinshasa,CD,2021-11-18 22:02:14,-4.3246,15.3215,73.29,92,26,0.83
142,Alfonsine,IT,2021-11-18 22:06:00,44.5061,12.0564,54.41,94,5,5.61
143,Yantal,RU,2021-11-18 22:06:01,56.8471,105.2542,13.59,94,100,3.96
144,Mar Del Plata,AR,2021-11-18 21:59:13,-38.0023,-57.5575,64.42,85,20,15.99
145,Hilo,US,2021-11-18 21:56:53,19.7297,-155.09,77.79,99,97,1.99
146,Pital,CO,2021-11-18 22:06:01,2.2665,-75.8044,77.68,72,69,4.68
147,Dongsheng,CN,2021-11-18 22:06:01,39.8161,109.9776,31.5,50,93,2.66
148,Poplar Bluff,US,2021-11-18 22:06:02,36.757,-90.3929,53.38,24,1,9.71
149,Ulladulla,AU,2021-11-18 22:06:02,-35.35,150.4667,74.77,56,100,5.26
150,Bluff,NZ,2021-11-18 21:58:07,-46.6,168.3333,59.4,57,40,13.02
151,Zhangye,CN,2021-11-18 22:06:02,38.9342,100.4517,29.61,44,56,0.74
152,Saint-Pierre,RE,2021-11-18 22:06:03,-21.3393,55.4781,74.84,65,0,5.75
153,Meulaboh,ID,2021-11-18 22:01:39,4.1363,96.1285,75.69,87,69,3.56
154,Kununurra,AU,2021-11-18 22:01:35,-15.7667,128.7333,69.78,78,6,0.0
155,Jining,CN,2021-11-18 22:06:03,35.405,116.5814,49.37,73,100,5.35
156,Skibbereen,IE,2021-11-18 22:06:03,51.55,-9.2667,51.6,82,96,9.89
157,Podosinovets,RU,2021-11-18 22:06:03,60.2776,47.0659,27.09,88,100,10.65
158,Bengkulu,ID,2021-11-18 22:06:04,-3.8004,102.2655,75.29,87,100,3.91
159,Freeport,US,2021-11-18 22:05:26,40.6576,-73.5832,68.99,72,1,14.0
160,Isangel,VU,2021-11-18 21:58:08,-19.55,169.2667,82.51,78,40,3.44
161,Luba,GQ,2021-11-18 22:06:04,3.4568,8.5547,80.73,83,12,5.75
162,Belaya Gora,RU,2021-11-18 22:06:04,68.5333,146.4167,-20.2,100,47,1.36
163,Vestmannaeyjar,IS,2021-11-18 22:06:05,63.4427,-20.2734,40.96,88,99,15.1
164,Geraldton,AU,2021-11-18 21:56:50,-28.7667,114.6,58.12,82,8,6.91
165,Bexley,US,2021-11-18 22:06:05,39.9689,-82.9377,43.72,51,75,16.11
166,Pontefract,GB,2021-11-18 22:06:05,53.6911,-1.3127,56.8,82,93,5.01
167,Saint-Philippe,RE,2021-11-18 21:58:08,-21.3585,55.7679,74.75,70,53,12.17
168,Prince Albert,CA,2021-11-18 22:03:29,53.2001,-105.7677,19.6,85,100,9.35
169,Rovaniemi,FI,2021-11-18 22:06:06,66.5,25.7167,29.61,93,90,6.91
170,Troyes,FR,2021-11-18 22:06:06,48.3333,4.0833,42.85,100,90,4.61
171,Nara,JP,2021-11-18 22:04:25,34.6851,135.8049,53.69,74,74,2.04
172,Avarua,CK,2021-11-18 21:59:12,-21.2078,-159.775,80.65,78,20,17.27
173,Hirara,JP,2021-11-18 22:06:06,24.8,125.2833,70.07,100,75,0.0
174,Thinadhoo,MV,2021-11-18 22:06:06,0.5333,72.9333,82.06,77,78,19.82
175,Vila Franca Do Campo,PT,2021-11-18 22:06:07,37.7167,-25.4333,65.19,76,60,7.43
176,Fort Smith,US,2021-11-18 22:02:56,35.3859,-94.3986,57.34,20,1,1.99
177,Kirakira,SB,2021-11-18 22:06:07,-10.4544,161.9205,83.07,77,100,4.36
178,Lagoa,PT,2021-11-18 22:06:07,39.05,-27.9833,65.21,72,65,14.5
179,Ca Mau,VN,2021-11-18 22:06:07,9.1769,105.15,74.3,96,99,4.47
180,Berlevag,NO,2021-11-18 22:01:40,70.8578,29.0864,35.6,93,75,10.51
181,Bambous Virieux,MU,2021-11-18 22:00:33,-20.3428,57.7575,75.45,69,40,11.5
182,Pitimbu,BR,2021-11-18 22:07:08,-7.4706,-34.8086,79.39,73,82,13.2
183,Pisco,PE,2021-11-18 22:07:08,-13.7,-76.2167,68.05,77,0,11.5
184,Puerto Escondido,MX,2021-11-18 22:06:46,15.85,-97.0667,85.03,70,40,5.75
185,Katsuura,JP,2021-11-18 21:58:10,35.1333,140.3,51.91,81,100,6.11
186,Sao Raimundo Nonato,BR,2021-11-18 22:07:08,-9.0153,-42.6994,83.08,41,100,4.12
187,Muros,ES,2021-11-18 22:07:09,42.7762,-9.0603,54.23,83,1,8.79
188,Carutapera,BR,2021-11-18 22:07:09,-1.195,-46.02,81.39,77,60,9.91
189,Fairbanks,US,2021-11-18 22:04:22,64.8378,-147.7164,8.56,76,90,0.0
190,Vanimo,PG,2021-11-18 22:07:09,-2.6741,141.3028,79.54,88,100,2.08
191,Beira,MZ,2021-11-18 22:07:09,-19.8436,34.8389,84.29,61,0,2.3
192,Machachi,EC,2021-11-18 22:07:10,-0.5,-78.5667,58.75,97,99,3.11
193,Leningradskiy,RU,2021-11-18 22:07:10,69.3833,178.4167,-3.28,81,13,5.84
194,Khash,IR,2021-11-18 22:01:42,28.2211,61.2158,41.79,54,0,5.46
195,Guerrero Negro,MX,2021-11-18 21:59:15,27.9769,-114.0611,71.37,59,42,10.11
196,Chara,RU,2021-11-18 22:07:10,56.9064,118.2631,1.29,89,100,2.28
197,Nacogdoches,US,2021-11-18 22:07:10,31.6002,-94.6335,62.31,40,1,5.75
198,Cayenne,GF,2021-11-18 22:00:04,4.9333,-52.3333,80.1,85,0,1.99
199,Victoria,HK,2021-11-18 21:57:32,22.2855,114.1577,72.32,84,87,9.08
200,Saint-Francois,FR,2021-11-18 22:01:38,46.4154,3.9054,41.47,98,90,3.44
201,Mandalgovi,MN,2021-11-18 22:07:11,45.7625,106.2708,22.19,65,100,6.87
202,San Quintin,MX,2021-11-18 22:07:11,30.4833,-115.95,67.53,68,71,12.93
203,Lata,PT,2021-11-18 22:07:11,40.1629,-8.3327,55.81,64,0,6.98
204,Pevek,RU,2021-11-18 22:07:11,69.7008,170.3133,7.38,70,20,14.88
205,Pak Thong Chai,TH,2021-11-18 22:07:12,14.7226,102.0251,69.69,94,64,2.26
206,Egvekinot,RU,2021-11-18 21:59:19,66.3167,-179.1667,-2.31,75,0,8.86
207,Mae Sai,TH,2021-11-18 22:07:12,20.4335,99.8762,71.44,98,66,1.39
208,Bodmin,GB,2021-11-18 22:07:12,50.4715,-4.7243,51.85,93,75,5.75
209,Nemuro,JP,2021-11-18 22:07:12,43.3236,145.575,47.88,85,94,9.86
210,Lobito,AO,2021-11-18 22:07:13,-12.3481,13.5456,78.4,81,100,9.78
211,Marquette,US,2021-11-18 22:07:13,46.5333,-87.6335,30.34,67,99,13.8
212,Unity,CA,2021-11-18 22:07:13,52.4501,-109.1682,25.25,84,100,8.77
213,Mbaiki,CF,2021-11-18 22:07:08,3.8678,17.9892,70.16,93,45,2.59
214,Kodiak,US,2021-11-18 22:07:13,57.79,-152.4072,20.71,63,1,0.0
215,Vanatori,RO,2021-11-18 22:07:14,45.7333,27.25,43.12,66,98,5.66
216,Petropavlovsk-Kamchatskiy,RU,2021-11-18 22:07:14,53.0452,158.6483,10.99,73,0,8.95
217,Tiksi,RU,2021-11-18 21:58:06,71.6872,128.8694,-2.67,98,100,5.95
218,Benguela,AO,2021-11-18 22:07:14,-12.5763,13.4055,79.18,76,100,9.6
219,Rocky Mountain House,CA,2021-11-18 22:07:14,52.3668,-114.9188,30.83,52,98,2.95
220,Ahipara,NZ,2021-11-18 22:01:37,-35.1667,173.1667,64.74,59,11,2.57
221,Qaqortoq,GL,2021-11-18 22:00:28,60.7167,-46.0333,25.3,89,50,1.16
222,Serra Branca,BR,2021-11-18 22:07:15,-6.5333,-38.2667,90.36,28,83,4.63
223,Araouane,ML,2021-11-18 22:07:15,18.9048,-3.5265,79.74,18,100,9.8
224,Belmonte,BR,2021-11-18 22:07:15,-15.8631,-38.8828,77.5,84,14,7.92
225,Mount Gambier,AU,2021-11-18 22:07:15,-37.8333,140.7667,54.79,61,100,5.1
226,Antofagasta,CL,2021-11-18 22:07:16,-23.65,-70.4,61.88,74,14,5.88
227,Shizuishan,CN,2021-11-18 22:07:16,39.2333,106.7694,38.34,35,38,11.95
228,Inhambane,MZ,2021-11-18 22:08:16,-23.865,35.3833,72.99,91,100,11.41
229,Khatanga,RU,2021-11-18 22:08:17,71.9667,102.5,-34.31,98,11,5.08
230,Narsaq,GL,2021-11-18 22:08:17,60.9167,-46.05,25.02,85,63,4.16
231,Kochinda,IN,2021-11-18 22:08:17,21.7333,84.35,65.68,85,84,3.47
232,Abu Kamal,SY,2021-11-18 22:08:17,34.4506,40.9171,63.0,44,11,5.44
233,Capannori,IT,2021-11-18 22:08:18,43.8747,10.5728,55.81,83,23,3.0
234,Kahului,US,2021-11-18 21:56:59,20.8947,-156.47,83.68,80,25,10.0
235,Middlesbrough,GB,2021-11-18 22:08:18,54.5762,-1.2348,57.45,77,0,3.0
236,Yelizovo,RU,2021-11-18 22:08:18,53.1873,158.3805,12.34,73,0,8.95
237,Nantucket,US,2021-11-18 22:03:24,41.2835,-70.0995,59.14,89,1,17.27
238,Ginda,IN,2021-11-18 22:08:18,30.6945,78.4932,47.8,23,0,8.12
239,Ilulissat,GL,2021-11-18 22:08:19,69.2167,-51.1,-10.43,73,9,7.4
240,Baghdad,IQ,2021-11-18 22:07:38,33.3406,44.4009,53.51,54,0,5.75
241,Acapulco,MX,2021-11-18 22:06:47,16.8634,-99.8901,84.02,74,75,5.75
242,Kathmandu,NP,2021-11-18 22:06:07,27.7167,85.3167,53.82,94,75,2.3
243,Bethel,US,2021-11-18 22:00:29,41.3712,-73.414,64.36,68,65,3.0
244,Eydhafushi,MV,2021-11-18 22:08:19,5.1033,73.0708,81.73,75,85,17.45
245,Bambanglipuro,ID,2021-11-18 22:08:19,-7.95,110.2833,76.51,89,100,2.95
246,Kollam,IN,2021-11-18 22:08:19,8.8833,76.6,76.87,86,100,8.34
247,Alofi,NU,2021-11-18 22:08:20,-19.0595,-169.9187,80.49,78,75,8.05
248,Sokolo,ML,2021-11-18 22:08:20,14.7328,-6.1219,84.52,19,5,9.73
249,West Wendover,US,2021-11-18 22:08:20,40.7391,-114.0733,36.61,35,1,0.0
250,Kapit,MY,2021-11-18 22:08:20,2.0167,112.9333,73.29,100,99,1.1
251,Moron,AR,2021-11-18 22:08:21,-34.6534,-58.6198,78.06,32,1,5.01
252,Awjilah,LY,2021-11-18 22:08:21,29.1081,21.2869,66.29,39,0,7.65
253,Harper,LR,2021-11-18 22:08:21,4.375,-7.7169,79.45,83,61,6.35
254,Tilaran,CR,2021-11-18 22:08:21,10.4703,-84.9671,78.51,80,73,8.32
255,Concordia,AR,2021-11-18 22:08:22,-31.393,-58.0209,77.07,31,0,6.91
256,Burns Lake,CA,2021-11-18 22:00:30,54.2331,-125.7533,30.72,86,93,3.27
257,Saint-Augustin,CA,2021-11-18 21:59:20,51.226,-58.6502,30.4,70,92,6.29
258,Abu Dhabi,AE,2021-11-18 22:08:22,24.4667,54.3667,78.91,66,0,0.0
259,Hermanus,ZA,2021-11-18 21:59:13,-34.4187,19.2345,59.9,67,40,5.21
260,Kavieng,PG,2021-11-18 22:08:22,-2.5744,150.7967,82.98,71,100,8.68
261,Cockburn Town,TC,2021-11-18 22:08:23,21.4612,-71.1419,81.86,74,13,20.71
262,Frunze,UA,2021-11-18 22:08:23,48.6686,38.7544,29.97,86,78,2.84
263,Kieta,PG,2021-11-18 22:08:23,-6.2167,155.6333,82.58,76,100,5.79
264,Ucluelet,CA,2021-11-18 22:05:04,48.9329,-125.5528,42.1,91,100,8.21
265,Odienne,CI,2021-11-18 22:08:23,9.51,-7.5692,75.65,44,5,1.7
266,Inirida,CO,2021-11-18 22:08:24,3.8653,-67.9239,80.82,76,97,0.85
267,Rocha,UY,2021-11-18 22:01:35,-34.4833,-54.3333,56.68,57,0,6.33
268,Axim,GH,2021-11-18 22:08:24,4.8699,-2.2405,79.3,86,77,5.32
269,Dikson,RU,2021-11-18 21:59:16,73.5069,80.5464,-18.38,95,35,6.17
270,Mitzic,GA,2021-11-18 22:08:24,0.7821,11.549,68.85,98,73,0.98
271,Aksha,RU,2021-11-18 22:08:24,50.2814,113.2867,13.46,65,100,1.23
272,Nouadhibou,MR,2021-11-18 22:08:25,20.931,-17.0347,66.99,90,100,7.67
273,Edgewater,US,2021-11-18 22:08:25,28.9889,-80.9023,74.14,100,75,4.61
274,Manuk Mangkaw,PH,2021-11-18 22:08:25,4.8,119.85,82.58,78,90,8.08
275,Sabaudia,IT,2021-11-18 22:08:25,41.3003,13.0282,59.76,70,7,4.52
276,Zhigansk,RU,2021-11-18 22:01:39,66.7697,123.3711,-23.73,100,68,5.17
277,Redondo,PT,2021-11-18 22:09:26,38.6487,-7.5471,49.84,67,2,11.77
278,Sambava,MG,2021-11-18 22:09:26,-14.2667,50.1667,71.56,80,4,8.43
279,Berdigestyakh,RU,2021-11-18 22:09:26,62.0989,126.6992,-7.71,98,99,5.61
280,Cabo San Lucas,MX,2021-11-18 22:09:27,22.8909,-109.9124,88.11,47,1,1.99
281,Gisborne,NZ,2021-11-18 22:09:27,-38.6533,178.0042,67.95,62,0,7.63
282,Bongandanga,CD,2021-11-18 22:09:27,1.5,21.05,69.06,98,98,2.15
283,Port Shepstone,ZA,2021-11-18 22:09:27,-30.7414,30.455,62.69,72,81,12.06
284,La Mira,MX,2021-11-18 22:09:28,18.035,-102.3266,81.59,70,0,5.35
285,Dwarka,IN,2021-11-18 22:09:28,22.2394,68.9678,75.29,82,85,10.87
286,San Policarpo,PH,2021-11-18 22:09:28,12.1791,125.5072,75.58,85,63,5.26
287,Olinda,BR,2021-11-18 22:09:28,-8.0089,-34.8553,78.53,89,75,6.91
288,Great Bend,US,2021-11-18 22:09:29,38.3645,-98.7648,54.88,22,1,1.01
289,Grand Forks,US,2021-11-18 22:09:29,47.9417,-97.4337,24.58,77,90,8.05
290,Chake Chake,TZ,2021-11-18 22:09:29,-5.2459,39.7666,76.39,86,10,5.79
291,Santa Rosa,PH,2021-11-18 22:09:29,14.3122,121.1114,80.91,88,56,2.39
292,Poum,NC,2021-11-18 22:09:30,-20.2333,164.0167,77.5,79,94,6.15
293,Parnamirim,BR,2021-11-18 22:09:30,-5.9156,-35.2628,80.94,74,28,10.04
294,Jiangyou,CN,2021-11-18 22:09:30,31.7667,104.7167,47.75,84,17,2.59
295,Vilyuysk,RU,2021-11-18 22:09:30,63.7553,121.6247,-20.94,100,52,3.04
296,Ulety,RU,2021-11-18 22:09:31,51.3572,112.4849,10.85,88,100,2.51
297,Nome,US,2021-11-18 22:09:31,64.5011,-165.4064,-1.89,59,1,0.0
298,Digoin,FR,2021-11-18 22:09:31,46.4812,3.9795,42.12,98,90,3.44
299,Lasa,IT,2021-11-18 22:09:32,46.6166,10.7002,37.36,52,62,4.88
300,Airai,TL,2021-11-18 22:09:32,-8.9266,125.4092,62.37,82,91,2.19
301,Palauig,PH,2021-11-18 22:09:32,15.435,119.9045,79.39,78,84,3.67
302,Nata,PA,2021-11-18 22:09:32,8.3333,-80.5167,84.47,79,100,3.58
303,Sistranda,NO,2021-11-18 22:09:33,63.7256,8.834,42.91,68,100,25.57
304,Sao Manuel,BR,2021-11-18 22:09:33,-22.7311,-48.5706,70.09,99,100,5.44
305,Bubaque,GW,2021-11-18 22:09:33,11.2833,-15.8333,83.08,71,78,13.49
306,Hamilton,US,2021-11-18 22:09:26,39.1834,-84.5333,46.09,46,1,1.01
307,Mosquera,CO,2021-11-18 22:09:33,4.7059,-74.2302,60.89,59,20,16.11
308,Zastron,ZA,2021-11-18 22:09:34,-30.3023,27.084,47.37,57,0,6.11
309,Bar Harbor,US,2021-11-18 22:07:07,44.3876,-68.2039,56.26,86,1,17.0
310,Cidreira,BR,2021-11-18 22:09:34,-30.1811,-50.2056,63.91,79,100,10.49
311,Asau,RO,2021-11-18 22:09:34,46.4333,26.4,43.75,68,100,0.18
312,Walvis Bay,NA,2021-11-18 22:01:45,-22.9575,14.5053,60.1,90,0,8.01
313,Estelle,US,2021-11-18 22:09:34,29.8458,-90.1067,78.01,72,20,3.0
314,Zadar,HR,2021-11-18 22:09:35,44.1197,15.2422,52.65,53,0,9.22
315,Labytnangi,RU,2021-11-18 22:09:35,66.6572,66.4183,-17.59,95,12,3.09
316,Soledad,CO,2021-11-18 22:09:35,10.9184,-74.7646,82.53,78,20,11.5
317,Diamantino,BR,2021-11-18 22:09:36,-14.4086,-56.4461,74.68,92,99,2.26
318,Ponta Do Sol,PT,2021-11-18 22:09:36,32.6667,-17.1,63.72,75,76,4.54
319,Port-De-Bouc,FR,2021-11-18 22:09:36,43.4,4.9833,52.95,84,0,8.05
320,Anuchino,RU,2021-11-18 22:09:36,43.9622,133.0544,32.72,99,100,2.46
321,Coahuayana,MX,2021-11-18 22:09:37,18.7333,-103.6833,92.68,43,0,5.41
322,Souillac,MU,2021-11-18 22:09:37,-20.5167,57.5167,76.35,69,40,11.5
323,Mezen,RU,2021-11-18 22:09:37,65.8522,44.24,31.06,96,100,8.21
324,Kosh-Agach,RU,2021-11-18 22:10:38,50.0,88.6667,0.01,63,66,0.87
325,Katangli,RU,2021-11-18 22:10:38,51.7102,143.2326,29.64,95,100,14.92
326,Dzhebariki-Khaya,RU,2021-11-18 22:10:38,62.2167,135.8,-10.93,97,100,3.24
327,Saint-Denis,FR,2021-11-18 22:07:45,48.9167,2.3333,47.01,97,90,1.01
328,Kruisfontein,ZA,2021-11-18 22:10:38,-34.0033,24.7314,51.89,74,1,7.74
329,Plettenberg Bay,ZA,2021-11-18 22:10:39,-34.0527,23.3716,54.91,74,0,5.59
330,Cuddapah,IN,2021-11-18 22:10:39,14.4667,78.8167,73.62,99,100,2.37
331,Torbay,CA,2021-11-18 22:10:39,47.6666,-52.7314,30.97,77,40,3.44
332,Vostok,RU,2021-11-18 22:10:39,46.4856,135.8833,25.05,95,90,3.27
333,Kautokeino,NO,2021-11-18 22:10:40,69.0125,23.0412,15.22,98,98,3.04
334,Gilgit,PK,2021-11-18 22:01:46,35.9221,74.3087,45.43,58,10,1.66
335,Payo,ID,2021-11-18 22:10:40,-3.7508,103.6372,73.44,96,100,1.74
336,Saint George,US,2021-11-18 22:01:36,37.1041,-113.5841,67.53,21,1,1.01
337,Aklavik,CA,2021-11-18 22:01:36,68.2191,-135.0107,0.32,86,100,15.93
338,Tuktoyaktuk,CA,2021-11-18 22:10:40,69.4541,-133.0374,-0.09,95,100,16.55
339,Boyolangu,ID,2021-11-18 22:10:41,-8.1181,111.8935,75.9,90,97,0.74
340,Los Llanos De Aridane,ES,2021-11-18 22:01:44,28.6585,-17.9182,64.15,77,75,7.0
341,Chernushka,RU,2021-11-18 22:10:41,56.5072,56.0766,23.43,96,100,12.06
342,Gemena,CD,2021-11-18 22:10:41,3.25,19.7667,68.67,98,60,1.77
343,Soe,ID,2021-11-18 22:10:41,-9.8607,124.284,70.27,83,58,3.27
344,Pilas,ES,2021-11-18 22:10:42,37.3034,-6.301,63.59,63,2,8.43
345,Hovd,MN,2021-11-18 22:10:42,48.0056,91.6419,15.26,36,49,8.16
346,Bathsheba,BB,2021-11-18 22:10:42,13.2167,-59.5167,81.21,74,40,14.97
347,Cochrane,CA,2021-11-18 22:10:43,51.1834,-114.4687,37.38,40,100,4.03
348,Portland,US,2021-11-18 22:10:30,45.5234,-122.6762,53.2,69,90,1.99
349,Batemans Bay,AU,2021-11-18 22:10:43,-35.7167,150.1833,74.98,56,100,3.18
350,Carnarvon,AU,2021-11-18 22:10:43,-24.8667,113.6333,66.27,72,78,13.8
351,Pachino,IT,2021-11-18 22:10:43,36.7186,15.0907,53.64,80,22,7.23
352,Pravda,RU,2021-11-18 22:10:44,46.9396,142.009,28.4,78,18,4.61
353,Fortuna,US,2021-11-18 22:10:44,40.5982,-124.1573,59.94,60,75,1.99
354,Abu Samrah,SY,2021-11-18 22:10:44,35.3029,37.1841,61.27,48,83,0.92
355,Guimar,ES,2021-11-18 22:10:44,28.3039,-16.4325,61.81,67,61,1.99
356,Pinega,RU,2021-11-18 22:10:45,64.7001,43.3936,29.98,97,100,8.77
357,Sao Joao Da Barra,BR,2021-11-18 22:10:45,-21.6403,-41.0511,74.88,91,43,14.79
358,Ayagoz,KZ,2021-11-18 22:10:45,47.9714,80.4392,19.42,95,100,10.65
359,Yar-Sale,RU,2021-11-18 22:10:45,66.8333,70.8333,-10.77,98,57,8.48
360,Dauphin,CA,2021-11-18 22:10:46,51.1494,-100.0502,18.97,92,85,2.35
361,Malindi,KE,2021-11-18 22:10:46,-3.2175,40.1191,78.51,83,31,8.21
362,Rakkestad,NO,2021-11-18 22:10:46,59.4251,11.3454,44.33,89,92,5.41
363,Ancud,CL,2021-11-18 22:10:47,-41.8697,-73.8203,56.73,80,33,6.89
364,Novoilinsk,RU,2021-11-18 22:10:47,51.6829,108.7143,17.13,62,100,2.37
365,Atyashevo,RU,2021-11-18 22:10:47,54.5644,46.0691,24.31,80,100,13.35
366,Paamiut,GL,2021-11-18 22:10:47,61.994,-49.6678,12.69,80,7,8.95
367,Amparafaravola,MG,2021-11-18 22:10:16,-17.5833,48.2167,59.63,97,12,1.81
368,Koraput,IN,2021-11-18 22:10:48,18.8167,82.7167,63.68,95,50,4.83
369,Lityn,UA,2021-11-18 22:10:48,49.3251,28.0809,38.73,84,100,10.49
370,Roebourne,AU,2021-11-18 22:11:48,-20.7833,117.1333,78.15,38,9,11.3
371,Midland,US,2021-11-18 22:11:48,31.9974,-102.0779,58.05,15,1,9.22
372,Thompson,CA,2021-11-18 22:11:49,55.7435,-97.8558,11.03,95,46,2.21
373,Veraval,IN,2021-11-18 22:11:49,20.9,70.3667,74.28,83,94,9.1
374,Melita,CA,2021-11-18 22:11:49,49.2681,-100.9967,25.18,77,100,5.17
375,Constitucion,CL,2021-11-18 22:11:49,-35.3333,-72.4167,62.1,68,32,16.4
376,La Orilla,MX,2021-11-18 22:11:50,17.9833,-102.2333,80.98,73,0,5.26
377,Point Pedro,LK,2021-11-18 22:11:50,9.8167,80.2333,78.62,86,100,10.29
378,Biograd Na Moru,HR,2021-11-18 22:11:50,43.9433,15.4519,52.75,70,3,5.19
379,Sainte-Maxime,FR,2021-11-18 22:11:50,43.3,6.6333,59.95,71,41,4.45
380,Hurghada,EG,2021-11-18 22:11:51,27.2574,33.8129,72.25,56,3,22.3
381,Thoen,TH,2021-11-18 22:11:51,17.6129,99.2161,71.35,99,71,0.85
382,Rundu,NA,2021-11-18 22:11:51,-17.9333,19.7667,76.17,53,100,10.4
383,Sadove,UA,2021-11-18 22:11:51,46.2487,30.1795,35.56,75,96,9.62
384,Kragujevac,RS,2021-11-18 22:11:52,44.0167,20.9167,44.89,77,89,4.56
385,Muli,MV,2021-11-18 22:11:52,2.9167,73.5667,82.38,76,90,18.59
386,Tumalaytay,PH,2021-11-18 22:11:52,12.2758,123.232,78.67,86,96,5.14
387,Mayumba,GA,2021-11-18 22:11:52,-3.432,10.6554,77.76,90,49,4.03
388,Xining,CN,2021-11-18 22:11:53,36.6167,101.7667,33.31,42,1,0.58
389,Linxia,CN,2021-11-18 22:11:53,35.6003,103.2064,37.02,43,9,1.99
390,Dhanbad,IN,2021-11-18 22:11:53,23.8,86.45,64.83,51,23,2.21
391,Marsh Harbour,BS,2021-11-18 22:11:53,26.5412,-77.0636,77.45,78,100,21.36
392,Beyneu,KZ,2021-11-18 22:11:54,45.3167,55.2,27.84,66,66,10.8
393,Hammerfest,NO,2021-11-18 22:11:54,70.6634,23.6821,32.45,100,75,0.0
394,Dunedin,NZ,2021-11-18 22:11:54,-45.8742,170.5036,54.81,66,21,3.0
395,Karatau,KZ,2021-11-18 22:11:54,43.1667,70.4667,23.54,78,99,4.47
396,Alice Springs,AU,2021-11-18 22:11:55,-23.7,133.8833,72.95,38,0,0.0
397,San Rafael,AR,2021-11-18 22:11:55,-34.6177,-68.3301,79.3,19,50,12.66
398,Yeniseysk,RU,2021-11-18 22:11:55,58.4497,92.1703,7.79,96,95,4.83
399,Kidal,ML,2021-11-18 22:11:56,18.4411,1.4078,75.97,12,14,10.69
400,Severnyy,RU,2021-11-18 22:11:56,50.677,36.5532,30.24,80,75,6.71
401,Oktyabrskoye,RU,2021-11-18 22:11:56,43.0645,44.7417,30.34,100,87,2.24
402,Olafsvik,IS,2021-11-18 22:11:56,64.8945,-23.7142,38.61,97,100,4.0
403,Lompoc,US,2021-11-18 22:11:57,34.6391,-120.4579,71.74,72,1,10.36
404,Ukhta,RU,2021-11-18 22:11:57,63.5671,53.6835,20.89,95,100,7.14
405,Kenai,US,2021-11-18 22:11:57,60.5544,-151.2583,14.14,71,1,0.0
406,Kaitangata,NZ,2021-11-18 22:11:57,-46.2817,169.8464,62.22,53,33,4.09
407,Nikki,BJ,2021-11-18 22:11:58,9.9401,3.2108,80.92,33,62,4.97
408,Berbera,SO,2021-11-18 22:11:58,10.4396,45.0143,77.9,63,3,3.02
409,Borba,BR,2021-11-18 22:11:58,-4.3878,-59.5939,74.46,98,100,2.19
410,Adzope,CI,2021-11-18 22:11:58,6.1069,-3.8619,74.55,94,59,3.29
411,Vanavara,RU,2021-11-18 22:11:59,60.34,102.2797,9.63,95,100,5.55
412,Dalbandin,PK,2021-11-18 22:11:59,28.8947,64.4101,45.46,37,0,10.89
413,Kaligutan,PH,2021-11-18 22:11:59,7.7031,125.8131,73.08,96,94,0.98
414,Stornoway,GB,2021-11-18 22:12:00,58.2093,-6.3865,54.93,94,75,20.71
415,Ust-Tsilma,RU,2021-11-18 22:12:00,65.441,52.1498,20.73,95,100,7.18
416,Glenwood Springs,US,2021-11-18 22:12:00,39.5505,-107.3248,55.81,22,14,3.0
417,Mo I Rana,NO,2021-11-18 22:12:00,66.3128,14.1428,37.33,93,75,3.0
418,Roncesvalles,CO,2021-11-18 22:13:01,4.0108,-75.6049,57.33,94,88,2.19
419,Ciudad Bolivar,VE,2021-11-18 22:13:01,8.1222,-63.5497,85.64,56,81,13.18
420,Mangan,IN,2021-11-18 22:13:01,27.5167,88.5333,61.07,54,2,5.32
421,Roald,NO,2021-11-18 22:13:01,62.5833,6.1333,45.34,93,75,14.97
422,Ayan,RU,2021-11-18 22:13:02,56.45,138.1667,10.13,72,100,16.49
423,Antequera,ES,2021-11-18 22:13:02,37.0194,-4.5612,58.5,88,10,3.91
424,Doha,QA,2021-11-18 22:13:02,25.2867,51.5333,75.18,64,0,5.75
425,Beringovskiy,RU,2021-11-18 22:13:02,63.05,179.3167,22.84,68,100,15.08
426,Tak Bai,TH,2021-11-18 22:13:03,6.2595,102.0546,76.75,87,52,2.39
427,Coos Bay,US,2021-11-18 22:13:03,43.3665,-124.2179,65.32,73,90,10.36
428,Tocopilla,CL,2021-11-18 22:13:03,-22.092,-70.1979,65.75,66,21,7.45
429,Khuzhir,RU,2021-11-18 22:13:03,53.1939,107.3397,25.61,69,100,11.23
430,Knin,HR,2021-11-18 22:13:04,44.0439,16.2,50.13,83,5,7.29
431,Daru,PG,2021-11-18 22:13:04,-9.0763,143.2092,81.88,83,93,14.34
432,Gondanglegi,ID,2021-11-18 22:13:04,-7.7479,112.0132,75.36,89,99,3.69
433,Houma,US,2021-11-18 22:13:05,29.5958,-90.7195,77.0,72,40,10.36
434,Nelson Bay,AU,2021-11-18 22:13:05,-32.7167,152.15,75.69,78,100,4.52
435,Namtsy,RU,2021-11-18 22:13:05,62.7161,129.6658,-16.49,100,100,1.9
436,Cabrero,CL,2021-11-18 22:13:06,-37.0333,-72.4,79.11,27,4,10.96
437,Matara,LK,2021-11-18 22:13:06,5.9485,80.5353,76.82,91,100,9.71
438,Goroka,PG,2021-11-18 22:13:06,-6.0834,145.3873,65.93,89,99,1.95
439,Melilla,ES,2021-11-18 22:13:06,35.2937,-2.9383,61.18,82,90,12.66
440,Aden,YE,2021-11-18 22:13:07,12.7794,45.0367,79.66,65,8,7.29
441,Monte Santo,BR,2021-11-18 22:10:37,-10.4378,-39.3328,76.73,64,34,10.74
442,Jilotzingo,MX,2021-11-18 22:13:07,19.87,-99.0578,72.05,27,85,10.31
443,Borogontsy,RU,2021-11-18 22:13:07,62.6683,131.1683,-17.64,96,99,1.72
444,Raymond,US,2021-11-18 22:13:07,43.9015,-70.4703,60.42,84,98,7.76
445,Pouebo,NC,2021-11-18 22:13:08,-20.4,164.5667,81.27,68,97,7.52
446,Christchurch,NZ,2021-11-18 22:12:31,-43.5333,172.6333,64.6,45,12,16.11
447,Helena,US,2021-11-18 22:11:15,46.5927,-112.0361,45.25,35,98,1.99
448,Flinders,AU,2021-11-18 22:13:08,-34.5833,150.8552,75.06,71,100,1.01
449,Deputatskiy,RU,2021-11-18 22:12:14,69.3,139.9,-15.05,98,93,3.78
450,Solnechnyy,RU,2021-11-18 22:13:08,50.7214,136.6319,16.36,88,100,7.45
451,Tezu,IN,2021-11-18 22:13:09,27.9167,96.1667,61.61,46,7,4.09
452,Tuatapere,NZ,2021-11-18 22:13:09,-46.1333,167.6833,61.07,52,75,8.5
453,Marzuq,YE,2021-11-18 22:13:09,14.4,46.4667,66.7,27,37,1.57
454,Namatanai,PG,2021-11-18 22:13:10,-3.6667,152.4333,81.86,71,100,3.0
455,Ribeira Grande,PT,2021-11-18 22:13:10,38.5167,-28.7,66.36,74,94,16.33
456,Piney Green,US,2021-11-18 22:13:10,34.716,-77.3202,69.98,81,40,8.05
457,Balaka,MW,2021-11-18 22:09:17,-14.9793,34.9558,79.03,44,11,3.69
458,Dawson Creek,CA,2021-11-18 22:13:10,55.7666,-120.2362,34.05,70,8,11.65
459,Leiyang,CN,2021-11-18 22:13:11,26.4024,112.8591,55.69,93,0,2.8
460,Carmen,MX,2021-11-18 22:13:11,18.6333,-91.8333,80.64,78,1,8.05
461,Northam,GB,2021-11-18 22:13:11,51.0333,-4.2167,53.15,96,100,8.28
462,Zhanakorgan,KZ,2021-11-18 22:13:11,43.9098,67.2495,22.15,75,28,3.6
463,Drochia,MD,2021-11-18 22:13:12,48.035,27.8161,45.25,80,99,9.01
464,Port Hedland,AU,2021-11-18 22:13:12,-20.3167,118.5667,71.65,94,2,5.75
465,Cap Malheureux,MU,2021-11-18 22:13:12,-19.9842,57.6142,76.46,64,0,4.0
466,Quatre Cocos,MU,2021-11-18 22:14:13,-20.2078,57.7625,76.08,63,14,12.93
467,Aljezur,PT,2021-11-18 22:14:13,37.3191,-8.8033,58.3,73,13,10.51
468,Lakes Entrance,AU,2021-11-18 22:14:13,-37.8811,147.981,61.16,68,78,11.65
469,Nshamba,TZ,2021-11-18 22:14:13,-1.7983,31.5511,61.12,86,23,3.6
470,West Sacramento,US,2021-11-18 22:14:14,38.5805,-121.5302,66.24,82,20,0.0
471,Zhezkazgan,KZ,2021-11-18 22:14:14,47.8043,67.7144,15.69,91,38,6.91
472,Chaumont,FR,2021-11-18 22:14:14,48.1167,5.1333,37.69,90,85,1.7
473,Samarina,RU,2021-11-18 22:14:14,57.8878,27.8054,35.49,86,77,9.35
474,San Carlos,VE,2021-11-18 22:10:49,9.6612,-68.5827,80.58,63,99,4.9
475,Scarborough,GB,2021-11-18 22:09:16,54.2797,-0.4044,55.51,85,81,4.0
476,Shimoda,JP,2021-11-18 22:14:15,34.6667,138.95,58.17,72,100,4.65
477,Lakewood,US,2021-11-18 22:14:15,39.7047,-105.0814,62.74,13,69,1.01
478,Yumen,CN,2021-11-18 22:14:15,40.2833,97.2,26.67,57,94,7.7
479,Fare,PF,2021-11-18 22:14:15,-16.7,-151.0167,80.06,71,35,20.65
480,Issia,CI,2021-11-18 22:14:16,6.4922,-6.5856,74.34,89,88,2.77
481,Aykhal,RU,2021-11-18 22:14:16,66.0,111.5,-15.83,95,32,5.1
482,Arlit,NE,2021-11-18 22:14:16,18.7369,7.3853,80.35,13,26,10.0
483,Okato,NZ,2021-11-18 22:14:16,-39.2,173.8833,62.42,59,6,7.54
484,Adrar,MR,2021-11-18 22:14:17,20.5022,-10.0711,67.57,60,100,20.27
485,Oranjemund,NA,2021-11-18 22:14:17,-28.55,16.4333,59.56,80,0,19.55
486,Manokwari,ID,2021-11-18 22:14:17,-0.8667,134.0833,79.14,75,94,1.25
487,Vilhena,BR,2021-11-18 22:14:17,-12.7406,-60.1458,71.42,94,99,1.66
488,Dawei,MM,2021-11-18 22:14:18,14.0833,98.2,75.49,87,9,4.59
489,Envira,BR,2021-11-18 22:14:18,-7.3,-70.2167,73.98,98,100,1.03
490,Leichlingen,DE,2021-11-18 22:14:18,51.1167,7.0167,50.49,90,86,7.05
491,Saint Anthony,US,2021-11-18 22:14:19,45.0205,-93.218,32.95,59,90,5.01
492,Saint-Joseph,RE,2021-11-18 22:14:19,-21.3667,55.6167,73.76,69,38,10.31
493,Banjar,ID,2021-11-18 22:14:19,-8.19,114.9675,78.66,89,33,2.86
494,Tucuma,BR,2021-11-18 22:14:19,-0.1833,-50.05,81.28,74,35,9.01
495,Ust-Nera,RU,2021-11-18 22:14:20,64.5667,143.2,-10.79,98,96,3.06
496,Caborca,MX,2021-11-18 22:14:20,30.5838,-111.101,81.55,10,0,3.58
497,Chimore,BO,2021-11-18 22:14:20,-16.9833,-65.1333,67.91,78,100,0.6
498,Matay,EG,2021-11-18 22:14:21,28.419,30.7792,65.21,66,0,12.66
499,Lokosovo,RU,2021-11-18 22:14:21,61.1333,74.8167,-1.95,95,100,11.1
500,Tiarei,PF,2021-11-18 22:14:21,-17.5333,-149.3333,86.02,66,6,22.28
501,Palatka,US,2021-11-18 22:14:21,29.6486,-81.6376,76.59,81,100,3.42
502,Megion,RU,2021-11-18 22:14:22,61.0296,76.1136,-7.58,95,100,14.14
503,Bandarbeyla,SO,2021-11-18 22:14:22,9.4942,50.8122,75.96,73,100,11.56
504,Simiti,CO,2021-11-18 22:14:22,7.9579,-73.9436,83.66,75,67,1.86
505,Ngaoundere,CM,2021-11-18 22:14:22,7.3167,13.5833,70.09,46,34,2.91
506,Jos,NG,2021-11-18 22:14:23,9.9167,8.9,69.1,30,3,1.3
507,Tommot,RU,2021-11-18 22:14:23,58.9564,126.2925,-2.78,100,98,0.81
508,Kattivakkam,IN,2021-11-18 22:14:23,13.2167,80.3167,80.69,92,99,19.06
509,Bud,US,2021-11-18 22:14:24,39.447,-86.1758,43.59,51,41,15.26
510,Yelovo,RU,2021-11-18 22:14:24,57.0538,54.9207,26.31,95,99,12.77
511,Nokia,FI,2021-11-18 22:14:24,61.4667,23.5,34.02,94,0,1.01
512,Kholm-Zhirkovskiy,RU,2021-11-18 22:14:24,55.5189,33.4731,34.09,96,100,11.21
513,Saldanha,ZA,2021-11-18 22:14:25,-33.0117,17.9442,61.07,79,28,21.07
514,Tacuba,SV,2021-11-18 22:15:25,13.9011,-89.9297,84.61,79,72,4.18
515,Deniliquin,AU,2021-11-18 22:15:25,-35.5333,144.9667,60.87,64,100,6.98
516,Samarai,PG,2021-11-18 22:15:25,-10.6167,150.6667,81.99,81,85,15.84
517,Watsa,CD,2021-11-18 22:15:26,3.0372,29.5355,63.37,97,71,2.13
518,Makakilo City,US,2021-11-18 22:15:26,21.3469,-158.0858,84.52,64,1,13.8
519,Grootfontein,NA,2021-11-18 22:15:26,-19.5667,18.1167,71.17,46,98,3.44
520,Jijiga,ET,2021-11-18 22:12:28,9.35,42.8,60.33,40,5,7.14
521,Mecca,SA,2021-11-18 22:10:47,21.4267,39.8261,78.04,54,0,1.97
522,Canete,CL,2021-11-18 22:15:27,-37.8,-73.4,62.56,65,45,10.25
523,El Dorado,US,2021-11-18 22:15:27,38.7666,-120.5177,66.79,56,100,7.14
524,Pokaran,IN,2021-11-18 22:15:27,26.9167,71.9167,66.52,25,0,9.24
525,Darhan,MN,2021-11-18 22:15:28,49.4867,105.9228,22.6,87,100,6.85
526,Port Keats,AU,2021-11-18 22:15:28,-14.25,129.55,85.15,63,72,5.03
527,Waingapu,ID,2021-11-18 22:15:28,-9.6567,120.2641,80.01,77,48,5.41
528,Kristinehamn,SE,2021-11-18 22:15:28,59.3098,14.1081,47.57,94,100,6.51
529,Union,US,2021-11-18 22:15:29,40.6334,-74.2663,68.92,58,1,4.61
530,Hofn,IS,2021-11-18 22:15:29,64.2539,-15.2082,36.25,88,100,17.96
531,Tazovskiy,RU,2021-11-18 22:15:29,67.4667,78.7,1.49,96,97,6.64
532,Rio Gallegos,AR,2021-11-18 22:15:30,-51.6226,-69.2181,51.85,66,90,3.44
533,Sarkand,KZ,2021-11-18 22:15:30,45.41,79.9186,24.39,87,100,3.11
534,Namangan,UZ,2021-11-18 22:15:30,40.9983,71.6726,28.85,80,0,4.61
535,Touros,BR,2021-11-18 22:15:30,-5.1989,-35.4608,81.5,75,54,15.32
536,Donskoy,RU,2021-11-18 22:15:31,53.9711,38.3363,29.39,71,100,12.62
537,Bay Roberts,CA,2021-11-18 22:15:31,47.5999,-53.2648,31.75,59,73,5.5
538,Porto Novo,BJ,2021-11-18 22:15:14,6.4965,2.6036,84.02,84,6,6.6
539,Metro,ID,2021-11-18 22:15:31,-5.1131,105.3067,74.59,93,100,3.56
540,Hobyo,SO,2021-11-18 22:15:32,5.3505,48.5268,78.69,65,98,10.67
541,Carquefou,FR,2021-11-18 22:15:32,47.2982,-1.4902,42.87,92,39,3.44
542,Port Augusta,AU,2021-11-18 22:15:32,-32.5,137.7667,66.7,74,100,9.33
543,Cosala,MX,2021-11-18 22:15:32,24.4125,-106.6908,85.75,19,0,4.65
544,Zhuhai,CN,2021-11-18 22:15:33,22.2769,113.5678,70.99,78,0,9.22
545,Ust-Maya,RU,2021-11-18 22:15:33,60.4167,134.5333,-25.26,100,100,1.79
546,Iqaluit,CA,2021-11-18 22:15:33,63.7506,-68.5145,19.13,73,90,3.44
547,Key West,US,2021-11-18 22:15:33,24.5557,-81.7826,75.2,95,1,11.5
548,Olavarria,AR,2021-11-18 22:15:34,-36.8927,-60.3225,73.47,38,23,7.18
549,Floriano,BR,2021-11-18 22:15:34,-6.7669,-43.0225,90.23,41,99,6.44
550,Ishigaki,JP,2021-11-18 22:15:34,24.3448,124.1572,71.73,94,75,3.44
551,Caravelas,BR,2021-11-18 22:15:34,-17.7125,-39.2481,76.05,84,26,8.59
552,Sire,NG,2021-11-18 22:15:35,12.9299,5.2043,80.6,16,7,8.48
553,Ponta Delgada,PT,2021-11-18 22:15:35,37.7333,-25.6667,65.5,67,20,6.91
554,Nuuk,GL,2021-11-18 22:15:35,64.1835,-51.7216,18.21,67,20,13.8
555,Astana,KZ,2021-11-18 22:15:35,51.1801,71.446,-5.85,77,0,6.71
556,Kavaratti,IN,2021-11-18 22:15:36,10.5669,72.642,81.3,77,100,14.0
557,Agapia,RO,2021-11-18 22:15:36,47.1667,26.2833,43.03,86,100,1.28
558,Adelaide,AU,2021-11-18 22:15:31,-34.9333,138.6,60.17,74,75,5.99
559,Batagay,RU,2021-11-18 22:12:14,67.6333,134.6333,-6.57,98,100,1.03
560,Visby,SE,2021-11-18 22:15:33,57.6409,18.296,48.85,100,90,12.66
561,Xinyu,CN,2021-11-18 22:16:36,27.8043,114.9334,52.75,83,0,1.95
562,Coihaique,CL,2021-11-18 22:16:37,-45.5752,-72.0662,60.75,55,75,6.91
563,Darnah,LY,2021-11-18 22:16:37,32.767,22.6367,66.07,60,88,1.99
564,Uyuni,BO,2021-11-18 22:16:37,-20.4597,-66.825,61.75,4,59,22.66
565,Pegnitz,DE,2021-11-18 22:16:37,49.7564,11.545,42.55,92,55,6.38
566,Fuerte Olimpo,PY,2021-11-18 22:16:38,-21.0415,-57.8738,73.33,72,96,6.33
567,Ulaangom,MN,2021-11-18 22:16:38,49.9811,92.0667,14.94,45,21,5.44
568,Navirai,BR,2021-11-18 22:12:37,-23.065,-54.1906,71.82,92,100,8.14
569,Ajdabiya,LY,2021-11-18 22:16:38,30.7554,20.2263,67.28,37,30,7.99
570,Goundi,TD,2021-11-18 22:16:38,9.3627,17.366,79.52,27,14,2.62
571,Onega,RU,2021-11-18 22:16:39,63.9061,38.1404,31.95,98,100,9.4
572,Labuhan,ID,2021-11-18 22:16:39,-6.8844,112.2051,78.44,85,99,4.72
573,Smoky Lake,CA,2021-11-18 22:16:39,54.1169,-112.4686,29.48,74,100,0.0
574,Samana,DO,2021-11-18 22:16:39,19.2056,-69.3369,80.56,76,22,8.77
575,Pecos,US,2021-11-18 22:16:40,31.4229,-103.4932,58.05,13,1,4.61
576,Hami,CN,2021-11-18 22:16:40,42.8,93.45,30.47,51,18,8.03
577,Cap-Aux-Meules,CA,2021-11-18 22:16:40,47.3821,-61.8597,41.05,100,90,21.85
578,Buala,SB,2021-11-18 22:16:40,-8.145,159.5921,84.09,71,58,7.0
579,Mmabatho,ZA,2021-11-18 22:16:41,-25.85,25.6333,64.36,20,0,4.61
580,Albemarle,US,2021-11-18 22:16:41,35.3501,-80.2001,73.47,56,75,10.36
581,Komsomolskiy,UZ,2021-11-18 22:16:41,40.4272,71.7189,27.82,74,72,4.61
582,Palo Alto,US,2021-11-18 22:16:42,37.4419,-122.143,67.06,71,75,3.0
583,College Place,US,2021-11-18 22:16:42,46.0493,-118.3883,51.04,93,90,9.22
584,Ometepec,MX,2021-11-18 22:16:42,16.6833,-98.4167,84.02,57,39,6.93
